rater_id,predictor,count,pearson_correlation,spearman_correlation
rater_1,Cohesion,857,0.6406789683225942,0.6257058363180049
rater_1,Syntax,857,0.691499243483063,0.6731275679780384
rater_1,Vocabulary,857,0.637284168523862,0.6246738997538283
rater_1,Phraseology,857,0.719679683521024,0.7094769840715749
rater_1,Grammar,857,0.6759878599523332,0.664214898073729
rater_1,Conventions,857,0.6537563476462136,0.6446147257718855
rater_1,trait_mean,857,0.836892895820893,0.8194950223784109
rater_10,Cohesion,781,0.7087056269435199,0.706503664065729
rater_10,Syntax,781,0.8114470774622113,0.8096423731158934
rater_10,Vocabulary,781,0.7071474828807449,0.6878896510259099
rater_10,Phraseology,781,0.7488753359794087,0.7384195817438182
rater_10,Grammar,781,0.7270902847504104,0.7180016750358236
rater_10,Conventions,781,0.6218098068050434,0.6104150003776122
rater_10,trait_mean,781,0.9059394644734392,0.9029851532611277
rater_11,Cohesion,1367,0.6816450282712472,0.6558205145004392
rater_11,Syntax,1367,0.6020030985583629,0.5799059092610702
rater_11,Vocabulary,1367,0.6128492774560721,0.5954654675027735
rater_11,Phraseology,1367,0.628898317327848,0.6124324361830146
rater_11,Grammar,1367,0.6461920049461037,0.6249593502647788
rater_11,Conventions,1367,0.7508588640473383,0.7410823227562502
rater_11,trait_mean,1367,0.7885147295505006,0.7702436978140084
rater_12,Cohesion,1220,0.7303586148021459,0.7044465341536909
rater_12,Syntax,1220,0.7434038817682329,0.7319454812245868
rater_12,Vocabulary,1220,0.650133438132404,0.6370817993089818
rater_12,Phraseology,1220,0.6605574455095102,0.647467007695371
rater_12,Grammar,1220,0.6909819319560112,0.6814795098216
rater_12,Conventions,1220,0.6275765604176189,0.6149783937175896
rater_12,trait_mean,1220,0.855150915072451,0.8499127359552174
rater_13,Cohesion,889,0.7611476912815034,0.7454708622218827
rater_13,Syntax,889,0.8011365266663029,0.7849591962340046
rater_13,Vocabulary,889,0.8079104780060427,0.7956157664328626
rater_13,Phraseology,889,0.8031988193505135,0.7926164533411533
rater_13,Grammar,889,0.7954300361322055,0.7817027707502585
rater_13,Conventions,889,0.7192607476398326,0.7030999716123738
rater_13,trait_mean,889,0.9084615582884326,0.8944197487039859
rater_14,Cohesion,31,0.759307541478803,0.7500156092281773
rater_14,Syntax,31,0.8593000782454138,0.8396484871574929
rater_14,Vocabulary,31,0.7699188535494523,0.7715304723183598
rater_14,Phraseology,31,0.6282162876018276,0.607556336859419
rater_14,Grammar,31,0.7445605785149946,0.6914845522662515
rater_14,Conventions,31,0.5509991341078004,0.5569981870579735
rater_14,trait_mean,31,0.87560529016231,0.8149019702867887
rater_15,Cohesion,988,0.6299438132027927,0.6107357952225383
rater_15,Syntax,988,0.6447971530488533,0.633320615678892
rater_15,Vocabulary,988,0.6210726312683714,0.619713149510922
rater_15,Phraseology,988,0.7207286369721649,0.7302924890689132
rater_15,Grammar,988,0.5822322538442756,0.5825020767698481
rater_15,Conventions,988,0.47037906043571703,0.44977865244338416
rater_15,trait_mean,988,0.8486164873736955,0.845091502466014
rater_16,Cohesion,447,0.7684881556772197,0.7516774750214512
rater_16,Syntax,447,0.8085884684007989,0.8068050792607514
rater_16,Vocabulary,447,0.7645339707068857,0.7496477885817414
rater_16,Phraseology,447,0.7342303955792165,0.7192921788387543
rater_16,Grammar,447,0.6619293794689386,0.6528045551185893
rater_16,Conventions,447,0.6557952831331251,0.6417723953177451
rater_16,trait_mean,447,0.8925213206412217,0.9041452244426247
rater_17,Cohesion,119,0.8629951436532869,0.8408232062035029
rater_17,Syntax,119,0.8411827103369126,0.820410773937422
rater_17,Vocabulary,119,0.840509270226652,0.8108718345148779
rater_17,Phraseology,119,0.8558978723681213,0.851416539139685
rater_17,Grammar,119,0.8013161902238805,0.7947914161610569
rater_17,Conventions,119,0.735000942104359,0.7056771190408841
rater_17,trait_mean,119,0.9378849820656272,0.931314235136808
rater_18,Cohesion,1060,0.8811593172133125,0.8727362718626624
rater_18,Syntax,1060,0.8600326064274614,0.8504906819046255
rater_18,Vocabulary,1060,0.8563056042840296,0.8507642649414836
rater_18,Phraseology,1060,0.8627276010956235,0.8507504231914361
rater_18,Grammar,1060,0.8026044098164317,0.7898222177380462
rater_18,Conventions,1060,0.7621422930373729,0.7558409415185485
rater_18,trait_mean,1060,0.9342160084130229,0.9309005822579888
rater_19,Cohesion,1041,0.620307565871544,0.5769955565342816
rater_19,Syntax,1041,0.6863081750789652,0.6624024403278589
rater_19,Vocabulary,1041,0.6436326513942625,0.6292141531588702
rater_19,Phraseology,1041,0.7635297666067076,0.7569895157797741
rater_19,Grammar,1041,0.6575280875839539,0.632242231460373
rater_19,Conventions,1041,0.6195346909654602,0.5991384227563123
rater_19,trait_mean,1041,0.8845615961393231,0.8838851164345992
rater_2,Cohesion,1602,0.6510504716592199,0.6187476015281523
rater_2,Syntax,1602,0.5828987126180827,0.5555821008307531
rater_2,Vocabulary,1602,0.6191384880486097,0.5889806264913403
rater_2,Phraseology,1602,0.6413927966688833,0.6214434093185784
rater_2,Grammar,1602,0.6645428335205465,0.6538290325993804
rater_2,Conventions,1602,0.6128934372644793,0.5927054079460831
rater_2,trait_mean,1602,0.8053534829726945,0.8234837951010762
rater_20,Cohesion,75,0.7537773649081604,0.747802604389602
rater_20,Syntax,75,0.7653063582070327,0.7808778850003067
rater_20,Vocabulary,75,0.8458624005770617,0.8403872442383964
rater_20,Phraseology,75,0.8163299315710573,0.7833211647493028
rater_20,Grammar,75,0.7105458583965468,0.6793327206610985
rater_20,Conventions,75,0.6006171538154517,0.563436797582298
rater_20,trait_mean,75,0.897414445626784,0.8477636481634302
rater_21,Cohesion,358,0.6982411502876656,0.6833864758086533
rater_21,Syntax,358,0.8206329628396172,0.8104012316451185
rater_21,Vocabulary,358,0.7534654655658696,0.7377534551043629
rater_21,Phraseology,358,0.7830646313941819,0.7636622186511742
rater_21,Grammar,358,0.774265390443926,0.7565883421246662
rater_21,Conventions,358,0.690065068338306,0.6596092714306385
rater_21,trait_mean,358,0.8826202864900125,0.8800854092753827
rater_22,Cohesion,241,0.8268520483511863,0.808531319875073
rater_22,Syntax,241,0.7003961782412617,0.6904633454576462
rater_22,Vocabulary,241,0.4506920539437228,0.4239434690414299
rater_22,Phraseology,241,0.6204821195954761,0.5958078690907622
rater_22,Grammar,241,0.5847453973728,0.5608505638817053
rater_22,Conventions,241,0.6143035323370666,0.5967213539371398
rater_22,trait_mean,241,0.8355695498169932,0.8274098305189158
rater_23,Cohesion,774,0.7880366903528844,0.7729129290928879
rater_23,Syntax,774,0.8509378128271194,0.8431689121376111
rater_23,Vocabulary,774,0.7944997172664893,0.7730487937094411
rater_23,Phraseology,774,0.8458145390420421,0.8234001690937212
rater_23,Grammar,774,0.7773188910012473,0.7595758990120186
rater_23,Conventions,774,0.7628036890972194,0.7452543794501953
rater_23,trait_mean,774,0.9326940629358468,0.9293662223244167
rater_24,Cohesion,260,0.8101154161866818,0.7948236659542592
rater_24,Syntax,260,0.7140463191041753,0.7028430448365162
rater_24,Vocabulary,260,0.662509218949584,0.6514622276073336
rater_24,Phraseology,260,0.7692333611219166,0.7653782416404471
rater_24,Grammar,260,0.7140072481836202,0.6937908285778152
rater_24,Conventions,260,0.7400404598646578,0.7473659625362182
rater_24,trait_mean,260,0.8972555385536642,0.8931384417588958
rater_25,Cohesion,27,0.5234568876409325,0.4931847539477628
rater_25,Syntax,27,0.44670257372078215,0.464164835463167
rater_25,Vocabulary,27,0.6047431568147636,0.5951361626370527
rater_25,Phraseology,27,0.5237849266164972,0.5288016682967563
rater_25,Grammar,27,0.46538603160799913,0.46411166351890093
rater_25,Conventions,27,0.30903265830486903,0.32490455561021364
rater_25,trait_mean,27,0.5887636650264714,0.5548942017979442
rater_26,Cohesion,199,0.776529757253184,0.7542040082295792
rater_26,Syntax,199,0.8387115439992773,0.8172796710522399
rater_26,Vocabulary,199,0.6360255009870824,0.6102815249004631
rater_26,Phraseology,199,0.8050431752316661,0.7974680261876186
rater_26,Grammar,199,0.7642705866107743,0.7302066828699603
rater_26,Conventions,199,0.7256264106810475,0.7196977463476391
rater_26,trait_mean,199,0.9209264869384232,0.9049676561932346
rater_27,Cohesion,587,0.6939473326033522,0.6678311098195003
rater_27,Syntax,587,0.6634758238156837,0.6503435073863612
rater_27,Vocabulary,587,0.476794146068666,0.46248019001906954
rater_27,Phraseology,587,0.5071561247746723,0.4873166829903003
rater_27,Grammar,587,0.600451292484126,0.5797554427525277
rater_27,Conventions,587,0.4811951461406294,0.4717823642249686
rater_27,trait_mean,587,0.8049271936879536,0.7748273999462811
rater_3,Cohesion,325,0.736429441756174,0.7046362137792389
rater_3,Syntax,325,0.7866434758684357,0.7650834628404947
rater_3,Vocabulary,325,0.7640264813676232,0.7505873267247206
rater_3,Phraseology,325,0.8146837029941152,0.7881164040737645
rater_3,Grammar,325,0.7350626740476218,0.6962302136306051
rater_3,Conventions,325,0.6373692495169891,0.629262310859956
rater_3,trait_mean,325,0.9091537384525129,0.8889198624003369
rater_4,Cohesion,607,0.6656386981376553,0.6607240957343441
rater_4,Syntax,607,0.6278738298770478,0.6175544373389643
rater_4,Vocabulary,607,0.6437270073487082,0.6284512306414686
rater_4,Phraseology,607,0.6471836064221892,0.6429097968464957
rater_4,Grammar,607,0.5242591072063202,0.5173348859356591
rater_4,Conventions,607,0.6087711015972251,0.5897924586811493
rater_4,trait_mean,607,0.8184206221811091,0.824533097608853
rater_5,Cohesion,225,0.7185283127700379,0.7018050020905044
rater_5,Syntax,225,0.7670504002569883,0.7521235566758698
rater_5,Vocabulary,225,0.8178852647058834,0.780359395305583
rater_5,Phraseology,225,0.8152767515463698,0.7923431079426844
rater_5,Grammar,225,0.7503215355891931,0.7246638755413897
rater_5,Conventions,225,0.6796946829485245,0.6768955216488919
rater_5,trait_mean,225,0.9338205728551204,0.8977218886321237
rater_6,Cohesion,1336,0.6785505757276361,0.6632959546520224
rater_6,Syntax,1336,0.6837858200464115,0.6783572963799271
rater_6,Vocabulary,1336,0.6722289831566208,0.6665065930954238
rater_6,Phraseology,1336,0.7207477039693654,0.7138294317425056
rater_6,Grammar,1336,0.630484312970643,0.6212431706038978
rater_6,Conventions,1336,0.6291531778478083,0.6226469399866899
rater_6,trait_mean,1336,0.8953483287091828,0.9001146493638879
rater_7,Cohesion,1211,0.5953091664252383,0.5739645022367605
rater_7,Syntax,1211,0.6862269570657319,0.6693031003250915
rater_7,Vocabulary,1211,0.6278704035522839,0.6045994887448013
rater_7,Phraseology,1211,0.6381689104766983,0.628461640024464
rater_7,Grammar,1211,0.6129166142478233,0.587527251692215
rater_7,Conventions,1211,0.6653264504666867,0.649417100453817
rater_7,trait_mean,1211,0.8493380422755246,0.8292041075073799
rater_8,Cohesion,359,0.731944983407409,0.6989161440120265
rater_8,Syntax,359,0.7792512090779095,0.7691030401136096
rater_8,Vocabulary,359,0.7599744353017729,0.7406110285735612
rater_8,Phraseology,359,0.8165055505075692,0.8039680751312288
rater_8,Grammar,359,0.7217960322469709,0.709483454486222
rater_8,Conventions,359,0.7380732566234852,0.7344057203967757
rater_8,trait_mean,359,0.924782903195455,0.917453058812871
rater_9,Cohesion,745,0.5976712548823325,0.5685136741333274
rater_9,Syntax,745,0.6567823681607886,0.6197979980848619
rater_9,Vocabulary,745,0.6838865886204535,0.6632277285314164
rater_9,Phraseology,745,0.6292748086528736,0.5943942681448913
rater_9,Grammar,745,0.7254929183806839,0.7036900104669512
rater_9,Conventions,745,0.6277755640533057,0.5965683653635853
rater_9,trait_mean,745,0.8412809541489069,0.8307490158918904
