rater_id,score_variable,score,count,proportion
rater_1,Cohesion,1,28,0.03267211201866978
rater_1,Cohesion,2,305,0.3558926487747958
rater_1,Cohesion,3,323,0.37689614935822635
rater_1,Cohesion,4,169,0.1971995332555426
rater_1,Cohesion,5,32,0.03733955659276546
rater_1,Conventions,1,9,0.010501750291715286
rater_1,Conventions,2,200,0.23337222870478413
rater_1,Conventions,3,459,0.5355892648774796
rater_1,Conventions,4,179,0.2088681446907818
rater_1,Conventions,5,10,0.011668611435239206
rater_1,Grammar,1,4,0.004667444574095682
rater_1,Grammar,2,178,0.20770128354725786
rater_1,Grammar,3,399,0.46557759626604434
rater_1,Grammar,4,253,0.2952158693115519
rater_1,Grammar,5,23,0.026837806301050177
rater_1,Overall,1,4,0.004667444574095682
rater_1,Overall,2,170,0.1983663943990665
rater_1,Overall,3,500,0.5834305717619603
rater_1,Overall,4,173,0.20186697782963828
rater_1,Overall,5,10,0.011668611435239206
rater_1,Phraseology,1,3,0.003500583430571762
rater_1,Phraseology,2,172,0.20070011668611434
rater_1,Phraseology,3,427,0.4982497082847141
rater_1,Phraseology,4,233,0.2718786464410735
rater_1,Phraseology,5,22,0.025670945157526253
rater_1,Syntax,1,13,0.015169194865810968
rater_1,Syntax,2,245,0.28588098016336055
rater_1,Syntax,3,408,0.47607934655775963
rater_1,Syntax,4,172,0.20070011668611434
rater_1,Syntax,5,19,0.022170361726954493
rater_1,Vocabulary,1,3,0.003500583430571762
rater_1,Vocabulary,2,114,0.13302217036172695
rater_1,Vocabulary,3,507,0.5915985997666278
rater_1,Vocabulary,4,219,0.2555425904317386
rater_1,Vocabulary,5,14,0.01633605600933489
rater_10,Cohesion,1,0,0.0
rater_10,Cohesion,2,177,0.2266325224071703
rater_10,Cohesion,3,363,0.4647887323943662
rater_10,Cohesion,4,211,0.2701664532650448
rater_10,Cohesion,5,30,0.03841229193341869
rater_10,Conventions,1,0,0.0
rater_10,Conventions,2,213,0.2727272727272727
rater_10,Conventions,3,337,0.43149807938540335
rater_10,Conventions,4,181,0.23175416133162613
rater_10,Conventions,5,50,0.06402048655569782
rater_10,Grammar,1,2,0.002560819462227913
rater_10,Grammar,2,274,0.3508322663252241
rater_10,Grammar,3,265,0.3393085787451985
rater_10,Grammar,4,194,0.24839948783610755
rater_10,Grammar,5,46,0.058898847631242
rater_10,Overall,1,0,0.0
rater_10,Overall,2,223,0.2855313700384123
rater_10,Overall,3,357,0.45710627400768244
rater_10,Overall,4,177,0.2266325224071703
rater_10,Overall,5,24,0.030729833546734954
rater_10,Phraseology,1,0,0.0
rater_10,Phraseology,2,147,0.1882202304737516
rater_10,Phraseology,3,371,0.47503201024327785
rater_10,Phraseology,4,230,0.29449423815621
rater_10,Phraseology,5,33,0.04225352112676056
rater_10,Syntax,1,2,0.002560819462227913
rater_10,Syntax,2,268,0.34314980793854033
rater_10,Syntax,3,333,0.4263764404609475
rater_10,Syntax,4,157,0.20102432778489115
rater_10,Syntax,5,21,0.026888604353393086
rater_10,Vocabulary,1,0,0.0
rater_10,Vocabulary,2,154,0.19718309859154928
rater_10,Vocabulary,3,404,0.5172855313700384
rater_10,Vocabulary,4,192,0.24583866837387963
rater_10,Vocabulary,5,31,0.03969270166453265
rater_11,Cohesion,1,15,0.010972933430870519
rater_11,Cohesion,2,604,0.44184345281638626
rater_11,Cohesion,3,603,0.44111192392099485
rater_11,Cohesion,4,139,0.10168251645940014
rater_11,Cohesion,5,6,0.0043891733723482075
rater_11,Conventions,1,9,0.006583760058522311
rater_11,Conventions,2,480,0.3511338697878566
rater_11,Conventions,3,665,0.4864667154352597
rater_11,Conventions,4,198,0.14484272128749084
rater_11,Conventions,5,15,0.010972933430870519
rater_11,Grammar,1,21,0.015362106803218726
rater_11,Grammar,2,578,0.4228237015362107
rater_11,Grammar,3,675,0.49378200438917336
rater_11,Grammar,4,85,0.06217995610826628
rater_11,Grammar,5,8,0.005852231163130944
rater_11,Overall,1,15,0.010972933430870519
rater_11,Overall,2,368,0.2692026335040234
rater_11,Overall,3,711,0.5201170446232626
rater_11,Overall,4,258,0.18873445501097294
rater_11,Overall,5,15,0.010972933430870519
rater_11,Phraseology,1,6,0.0043891733723482075
rater_11,Phraseology,2,350,0.25603511338697876
rater_11,Phraseology,3,744,0.5442574981711777
rater_11,Phraseology,4,250,0.182882223847842
rater_11,Phraseology,5,17,0.012435991221653255
rater_11,Syntax,1,14,0.010241404535479151
rater_11,Syntax,2,370,0.27066569129480617
rater_11,Syntax,3,733,0.5362106803218727
rater_11,Syntax,4,239,0.17483540599853695
rater_11,Syntax,5,11,0.008046817849305048
rater_11,Vocabulary,1,7,0.005120702267739576
rater_11,Vocabulary,2,273,0.19970738844184346
rater_11,Vocabulary,3,789,0.5771762984637894
rater_11,Vocabulary,4,283,0.20702267739575714
rater_11,Vocabulary,5,15,0.010972933430870519
rater_12,Cohesion,1,7,0.005737704918032787
rater_12,Cohesion,2,149,0.1221311475409836
rater_12,Cohesion,3,563,0.46147540983606555
rater_12,Cohesion,4,476,0.3901639344262295
rater_12,Cohesion,5,25,0.020491803278688523
rater_12,Conventions,1,4,0.003278688524590164
rater_12,Conventions,2,216,0.17704918032786884
rater_12,Conventions,3,477,0.3909836065573771
rater_12,Conventions,4,485,0.3975409836065574
rater_12,Conventions,5,38,0.03114754098360656
rater_12,Grammar,1,8,0.006557377049180328
rater_12,Grammar,2,351,0.28770491803278686
rater_12,Grammar,3,542,0.44426229508196724
rater_12,Grammar,4,306,0.25081967213114753
rater_12,Grammar,5,13,0.010655737704918032
rater_12,Overall,1,7,0.005737704918032787
rater_12,Overall,2,194,0.15901639344262294
rater_12,Overall,3,660,0.5409836065573771
rater_12,Overall,4,341,0.2795081967213115
rater_12,Overall,5,18,0.014754098360655738
rater_12,Phraseology,1,3,0.002459016393442623
rater_12,Phraseology,2,46,0.03770491803278689
rater_12,Phraseology,3,609,0.49918032786885247
rater_12,Phraseology,4,546,0.44754098360655736
rater_12,Phraseology,5,16,0.013114754098360656
rater_12,Syntax,1,9,0.007377049180327869
rater_12,Syntax,2,270,0.22131147540983606
rater_12,Syntax,3,618,0.5065573770491804
rater_12,Syntax,4,305,0.25
rater_12,Syntax,5,18,0.014754098360655738
rater_12,Vocabulary,1,2,0.001639344262295082
rater_12,Vocabulary,2,52,0.04262295081967213
rater_12,Vocabulary,3,690,0.5655737704918032
rater_12,Vocabulary,4,463,0.3795081967213115
rater_12,Vocabulary,5,13,0.010655737704918032
rater_13,Cohesion,1,3,0.003374578177727784
rater_13,Cohesion,2,118,0.1327334083239595
rater_13,Cohesion,3,449,0.5050618672665916
rater_13,Cohesion,4,261,0.29358830146231724
rater_13,Cohesion,5,58,0.06524184476940383
rater_13,Conventions,1,3,0.003374578177727784
rater_13,Conventions,2,134,0.15073115860517436
rater_13,Conventions,3,464,0.5219347581552306
rater_13,Conventions,4,248,0.27896512935883017
rater_13,Conventions,5,40,0.04499437570303712
rater_13,Grammar,1,3,0.003374578177727784
rater_13,Grammar,2,198,0.22272215973003376
rater_13,Grammar,3,430,0.48368953880764903
rater_13,Grammar,4,196,0.2204724409448819
rater_13,Grammar,5,62,0.06974128233970754
rater_13,Overall,1,1,0.0011248593925759281
rater_13,Overall,2,114,0.12823397075365578
rater_13,Overall,3,468,0.5264341957255343
rater_13,Overall,4,241,0.27109111361079863
rater_13,Overall,5,65,0.07311586051743532
rater_13,Phraseology,1,1,0.0011248593925759281
rater_13,Phraseology,2,118,0.1327334083239595
rater_13,Phraseology,3,389,0.437570303712036
rater_13,Phraseology,4,294,0.33070866141732286
rater_13,Phraseology,5,87,0.09786276715410573
rater_13,Syntax,1,4,0.0044994375703037125
rater_13,Syntax,2,130,0.14623172103487064
rater_13,Syntax,3,407,0.4578177727784027
rater_13,Syntax,4,271,0.3048368953880765
rater_13,Syntax,5,77,0.08661417322834646
rater_13,Vocabulary,1,0,0.0
rater_13,Vocabulary,2,60,0.06749156355455568
rater_13,Vocabulary,3,471,0.5298087739032621
rater_13,Vocabulary,4,269,0.3025871766029246
rater_13,Vocabulary,5,89,0.10011248593925759
rater_14,Cohesion,1,0,0.0
rater_14,Cohesion,2,7,0.22580645161290322
rater_14,Cohesion,3,19,0.6129032258064516
rater_14,Cohesion,4,5,0.16129032258064516
rater_14,Cohesion,5,0,0.0
rater_14,Conventions,1,0,0.0
rater_14,Conventions,2,11,0.3548387096774194
rater_14,Conventions,3,16,0.5161290322580645
rater_14,Conventions,4,4,0.12903225806451613
rater_14,Conventions,5,0,0.0
rater_14,Grammar,1,0,0.0
rater_14,Grammar,2,14,0.45161290322580644
rater_14,Grammar,3,14,0.45161290322580644
rater_14,Grammar,4,3,0.0967741935483871
rater_14,Grammar,5,0,0.0
rater_14,Overall,1,0,0.0
rater_14,Overall,2,9,0.2903225806451613
rater_14,Overall,3,19,0.6129032258064516
rater_14,Overall,4,3,0.0967741935483871
rater_14,Overall,5,0,0.0
rater_14,Phraseology,1,0,0.0
rater_14,Phraseology,2,4,0.12903225806451613
rater_14,Phraseology,3,22,0.7096774193548387
rater_14,Phraseology,4,5,0.16129032258064516
rater_14,Phraseology,5,0,0.0
rater_14,Syntax,1,0,0.0
rater_14,Syntax,2,8,0.25806451612903225
rater_14,Syntax,3,20,0.6451612903225806
rater_14,Syntax,4,3,0.0967741935483871
rater_14,Syntax,5,0,0.0
rater_14,Vocabulary,1,0,0.0
rater_14,Vocabulary,2,8,0.25806451612903225
rater_14,Vocabulary,3,16,0.5161290322580645
rater_14,Vocabulary,4,7,0.22580645161290322
rater_14,Vocabulary,5,0,0.0
rater_15,Cohesion,1,1,0.0010121457489878543
rater_15,Cohesion,2,56,0.05668016194331984
rater_15,Cohesion,3,389,0.3937246963562753
rater_15,Cohesion,4,488,0.4939271255060729
rater_15,Cohesion,5,54,0.05465587044534413
rater_15,Conventions,1,3,0.003036437246963563
rater_15,Conventions,2,195,0.19736842105263158
rater_15,Conventions,3,386,0.39068825910931176
rater_15,Conventions,4,387,0.3917004048582996
rater_15,Conventions,5,17,0.01720647773279352
rater_15,Grammar,1,1,0.0010121457489878543
rater_15,Grammar,2,305,0.30870445344129555
rater_15,Grammar,3,387,0.3917004048582996
rater_15,Grammar,4,271,0.2742914979757085
rater_15,Grammar,5,24,0.024291497975708502
rater_15,Overall,1,1,0.0010121457489878543
rater_15,Overall,2,46,0.0465587044534413
rater_15,Overall,3,581,0.5880566801619433
rater_15,Overall,4,356,0.3603238866396761
rater_15,Overall,5,4,0.004048582995951417
rater_15,Phraseology,1,1,0.0010121457489878543
rater_15,Phraseology,2,69,0.06983805668016195
rater_15,Phraseology,3,475,0.4807692307692308
rater_15,Phraseology,4,429,0.4342105263157895
rater_15,Phraseology,5,14,0.01417004048582996
rater_15,Syntax,1,2,0.0020242914979757085
rater_15,Syntax,2,40,0.04048582995951417
rater_15,Syntax,3,535,0.541497975708502
rater_15,Syntax,4,408,0.41295546558704455
rater_15,Syntax,5,3,0.003036437246963563
rater_15,Vocabulary,1,1,0.0010121457489878543
rater_15,Vocabulary,2,41,0.04149797570850203
rater_15,Vocabulary,3,729,0.7378542510121457
rater_15,Vocabulary,4,209,0.21153846153846154
rater_15,Vocabulary,5,8,0.008097165991902834
rater_16,Cohesion,1,1,0.0022371364653243847
rater_16,Cohesion,2,44,0.09843400447427293
rater_16,Cohesion,3,207,0.46308724832214765
rater_16,Cohesion,4,169,0.378076062639821
rater_16,Cohesion,5,26,0.058165548098434
rater_16,Conventions,1,1,0.0022371364653243847
rater_16,Conventions,2,59,0.1319910514541387
rater_16,Conventions,3,235,0.5257270693512305
rater_16,Conventions,4,144,0.3221476510067114
rater_16,Conventions,5,8,0.017897091722595078
rater_16,Grammar,1,1,0.0022371364653243847
rater_16,Grammar,2,116,0.2595078299776286
rater_16,Grammar,3,222,0.4966442953020134
rater_16,Grammar,4,91,0.203579418344519
rater_16,Grammar,5,17,0.03803131991051454
rater_16,Overall,1,1,0.0022371364653243847
rater_16,Overall,2,75,0.16778523489932887
rater_16,Overall,3,224,0.5011185682326622
rater_16,Overall,4,135,0.30201342281879195
rater_16,Overall,5,12,0.026845637583892617
rater_16,Phraseology,1,2,0.0044742729306487695
rater_16,Phraseology,2,69,0.15436241610738255
rater_16,Phraseology,3,242,0.5413870246085011
rater_16,Phraseology,4,118,0.2639821029082774
rater_16,Phraseology,5,16,0.035794183445190156
rater_16,Syntax,1,4,0.008948545861297539
rater_16,Syntax,2,112,0.2505592841163311
rater_16,Syntax,3,173,0.3870246085011186
rater_16,Syntax,4,133,0.2975391498881432
rater_16,Syntax,5,25,0.05592841163310962
rater_16,Vocabulary,1,1,0.0022371364653243847
rater_16,Vocabulary,2,60,0.1342281879194631
rater_16,Vocabulary,3,198,0.4429530201342282
rater_16,Vocabulary,4,170,0.38031319910514544
rater_16,Vocabulary,5,18,0.040268456375838924
rater_17,Cohesion,1,3,0.025210084033613446
rater_17,Cohesion,2,15,0.12605042016806722
rater_17,Cohesion,3,64,0.5378151260504201
rater_17,Cohesion,4,31,0.2605042016806723
rater_17,Cohesion,5,6,0.05042016806722689
rater_17,Conventions,1,1,0.008403361344537815
rater_17,Conventions,2,11,0.09243697478991597
rater_17,Conventions,3,33,0.2773109243697479
rater_17,Conventions,4,48,0.40336134453781514
rater_17,Conventions,5,26,0.2184873949579832
rater_17,Grammar,1,2,0.01680672268907563
rater_17,Grammar,2,23,0.19327731092436976
rater_17,Grammar,3,39,0.3277310924369748
rater_17,Grammar,4,48,0.40336134453781514
rater_17,Grammar,5,7,0.058823529411764705
rater_17,Overall,1,3,0.025210084033613446
rater_17,Overall,2,14,0.11764705882352941
rater_17,Overall,3,51,0.42857142857142855
rater_17,Overall,4,41,0.3445378151260504
rater_17,Overall,5,10,0.08403361344537816
rater_17,Phraseology,1,3,0.025210084033613446
rater_17,Phraseology,2,19,0.15966386554621848
rater_17,Phraseology,3,37,0.31092436974789917
rater_17,Phraseology,4,43,0.36134453781512604
rater_17,Phraseology,5,17,0.14285714285714285
rater_17,Syntax,1,3,0.025210084033613446
rater_17,Syntax,2,19,0.15966386554621848
rater_17,Syntax,3,53,0.44537815126050423
rater_17,Syntax,4,37,0.31092436974789917
rater_17,Syntax,5,7,0.058823529411764705
rater_17,Vocabulary,1,2,0.01680672268907563
rater_17,Vocabulary,2,15,0.12605042016806722
rater_17,Vocabulary,3,46,0.3865546218487395
rater_17,Vocabulary,4,43,0.36134453781512604
rater_17,Vocabulary,5,13,0.1092436974789916
rater_18,Cohesion,1,9,0.008490566037735849
rater_18,Cohesion,2,197,0.18584905660377357
rater_18,Cohesion,3,552,0.5207547169811321
rater_18,Cohesion,4,245,0.23113207547169812
rater_18,Cohesion,5,57,0.05377358490566038
rater_18,Conventions,1,8,0.007547169811320755
rater_18,Conventions,2,189,0.17830188679245282
rater_18,Conventions,3,477,0.45
rater_18,Conventions,4,314,0.2962264150943396
rater_18,Conventions,5,72,0.06792452830188679
rater_18,Grammar,1,12,0.011320754716981131
rater_18,Grammar,2,247,0.2330188679245283
rater_18,Grammar,3,405,0.38207547169811323
rater_18,Grammar,4,312,0.2943396226415094
rater_18,Grammar,5,84,0.07924528301886792
rater_18,Overall,1,8,0.007547169811320755
rater_18,Overall,2,213,0.2009433962264151
rater_18,Overall,3,477,0.45
rater_18,Overall,4,290,0.27358490566037735
rater_18,Overall,5,72,0.06792452830188679
rater_18,Phraseology,1,11,0.010377358490566037
rater_18,Phraseology,2,319,0.3009433962264151
rater_18,Phraseology,3,408,0.3849056603773585
rater_18,Phraseology,4,258,0.24339622641509434
rater_18,Phraseology,5,64,0.06037735849056604
rater_18,Syntax,1,8,0.007547169811320755
rater_18,Syntax,2,261,0.24622641509433962
rater_18,Syntax,3,504,0.47547169811320755
rater_18,Syntax,4,225,0.21226415094339623
rater_18,Syntax,5,62,0.05849056603773585
rater_18,Vocabulary,1,3,0.002830188679245283
rater_18,Vocabulary,2,149,0.14056603773584905
rater_18,Vocabulary,3,504,0.47547169811320755
rater_18,Vocabulary,4,338,0.31886792452830187
rater_18,Vocabulary,5,66,0.062264150943396226
rater_19,Cohesion,1,4,0.0038424591738712775
rater_19,Cohesion,2,63,0.06051873198847262
rater_19,Cohesion,3,397,0.3813640730067243
rater_19,Cohesion,4,551,0.5292987512007685
rater_19,Cohesion,5,26,0.024975984630163303
rater_19,Conventions,1,4,0.0038424591738712775
rater_19,Conventions,2,90,0.08645533141210375
rater_19,Conventions,3,583,0.5600384245917387
rater_19,Conventions,4,283,0.27185398655139287
rater_19,Conventions,5,81,0.07780979827089338
rater_19,Grammar,1,1,0.0009606147934678194
rater_19,Grammar,2,39,0.037463976945244955
rater_19,Grammar,3,438,0.4207492795389049
rater_19,Grammar,4,453,0.43515850144092216
rater_19,Grammar,5,110,0.10566762728146013
rater_19,Overall,1,3,0.002881844380403458
rater_19,Overall,2,70,0.06724303554274735
rater_19,Overall,3,459,0.4409221902017291
rater_19,Overall,4,467,0.44860710854947167
rater_19,Overall,5,42,0.040345821325648415
rater_19,Phraseology,1,5,0.004803073967339097
rater_19,Phraseology,2,133,0.12776176753121998
rater_19,Phraseology,3,496,0.47646493756003844
rater_19,Phraseology,4,388,0.37271853986551395
rater_19,Phraseology,5,19,0.01825168107588857
rater_19,Syntax,1,8,0.007684918347742555
rater_19,Syntax,2,90,0.08645533141210375
rater_19,Syntax,3,353,0.3390970220941403
rater_19,Syntax,4,524,0.5033621517771374
rater_19,Syntax,5,66,0.06340057636887608
rater_19,Vocabulary,1,4,0.0038424591738712775
rater_19,Vocabulary,2,123,0.11815561959654179
rater_19,Vocabulary,3,484,0.46493756003842457
rater_19,Vocabulary,4,376,0.3611911623439001
rater_19,Vocabulary,5,54,0.05187319884726225
rater_2,Cohesion,1,20,0.012484394506866416
rater_2,Cohesion,2,201,0.1254681647940075
rater_2,Cohesion,3,891,0.5561797752808989
rater_2,Cohesion,4,459,0.28651685393258425
rater_2,Cohesion,5,31,0.019350811485642945
rater_2,Conventions,1,21,0.013108614232209739
rater_2,Conventions,2,414,0.25842696629213485
rater_2,Conventions,3,859,0.5362047440699126
rater_2,Conventions,4,296,0.18476903870162298
rater_2,Conventions,5,12,0.00749063670411985
rater_2,Grammar,1,5,0.003121098626716604
rater_2,Grammar,2,372,0.23220973782771537
rater_2,Grammar,3,633,0.3951310861423221
rater_2,Grammar,4,525,0.32771535580524347
rater_2,Grammar,5,67,0.041822721598002495
rater_2,Overall,1,11,0.00686641697877653
rater_2,Overall,2,205,0.12796504369538078
rater_2,Overall,3,1003,0.6260923845193508
rater_2,Overall,4,362,0.22596754057428214
rater_2,Overall,5,21,0.013108614232209739
rater_2,Phraseology,1,15,0.009363295880149813
rater_2,Phraseology,2,416,0.2596754057428215
rater_2,Phraseology,3,641,0.40012484394506864
rater_2,Phraseology,4,481,0.30024968789013734
rater_2,Phraseology,5,49,0.03058676654182272
rater_2,Syntax,1,12,0.00749063670411985
rater_2,Syntax,2,274,0.17103620474406991
rater_2,Syntax,3,1149,0.7172284644194756
rater_2,Syntax,4,161,0.10049937578027465
rater_2,Syntax,5,6,0.003745318352059925
rater_2,Vocabulary,1,6,0.003745318352059925
rater_2,Vocabulary,2,66,0.04119850187265917
rater_2,Vocabulary,3,917,0.5724094881398252
rater_2,Vocabulary,4,560,0.3495630461922597
rater_2,Vocabulary,5,53,0.033083645443196
rater_20,Cohesion,1,2,0.02666666666666667
rater_20,Cohesion,2,15,0.2
rater_20,Cohesion,3,43,0.5733333333333334
rater_20,Cohesion,4,14,0.18666666666666668
rater_20,Cohesion,5,1,0.013333333333333334
rater_20,Conventions,1,0,0.0
rater_20,Conventions,2,10,0.13333333333333333
rater_20,Conventions,3,37,0.49333333333333335
rater_20,Conventions,4,25,0.3333333333333333
rater_20,Conventions,5,3,0.04
rater_20,Grammar,1,2,0.02666666666666667
rater_20,Grammar,2,21,0.28
rater_20,Grammar,3,33,0.44
rater_20,Grammar,4,15,0.2
rater_20,Grammar,5,4,0.05333333333333334
rater_20,Overall,1,1,0.013333333333333334
rater_20,Overall,2,12,0.16
rater_20,Overall,3,47,0.6266666666666667
rater_20,Overall,4,14,0.18666666666666668
rater_20,Overall,5,1,0.013333333333333334
rater_20,Phraseology,1,1,0.013333333333333334
rater_20,Phraseology,2,20,0.26666666666666666
rater_20,Phraseology,3,44,0.5866666666666667
rater_20,Phraseology,4,9,0.12
rater_20,Phraseology,5,1,0.013333333333333334
rater_20,Syntax,1,1,0.013333333333333334
rater_20,Syntax,2,14,0.18666666666666668
rater_20,Syntax,3,44,0.5866666666666667
rater_20,Syntax,4,16,0.21333333333333335
rater_20,Syntax,5,0,0.0
rater_20,Vocabulary,1,0,0.0
rater_20,Vocabulary,2,14,0.18666666666666668
rater_20,Vocabulary,3,50,0.6666666666666666
rater_20,Vocabulary,4,10,0.13333333333333333
rater_20,Vocabulary,5,1,0.013333333333333334
rater_21,Cohesion,1,10,0.027932960893854747
rater_21,Cohesion,2,101,0.28212290502793297
rater_21,Cohesion,3,202,0.5642458100558659
rater_21,Cohesion,4,43,0.12011173184357542
rater_21,Cohesion,5,2,0.00558659217877095
rater_21,Conventions,1,3,0.008379888268156424
rater_21,Conventions,2,112,0.3128491620111732
rater_21,Conventions,3,189,0.5279329608938548
rater_21,Conventions,4,50,0.13966480446927373
rater_21,Conventions,5,4,0.0111731843575419
rater_21,Grammar,1,3,0.008379888268156424
rater_21,Grammar,2,97,0.2709497206703911
rater_21,Grammar,3,189,0.5279329608938548
rater_21,Grammar,4,60,0.16759776536312848
rater_21,Grammar,5,9,0.025139664804469275
rater_21,Overall,1,2,0.00558659217877095
rater_21,Overall,2,79,0.2206703910614525
rater_21,Overall,3,195,0.5446927374301676
rater_21,Overall,4,72,0.2011173184357542
rater_21,Overall,5,10,0.027932960893854747
rater_21,Phraseology,1,6,0.01675977653631285
rater_21,Phraseology,2,70,0.19553072625698323
rater_21,Phraseology,3,183,0.5111731843575419
rater_21,Phraseology,4,86,0.24022346368715083
rater_21,Phraseology,5,13,0.036312849162011177
rater_21,Syntax,1,4,0.0111731843575419
rater_21,Syntax,2,99,0.276536312849162
rater_21,Syntax,3,180,0.5027932960893855
rater_21,Syntax,4,63,0.17597765363128492
rater_21,Syntax,5,12,0.0335195530726257
rater_21,Vocabulary,1,0,0.0
rater_21,Vocabulary,2,18,0.05027932960893855
rater_21,Vocabulary,3,196,0.547486033519553
rater_21,Vocabulary,4,123,0.3435754189944134
rater_21,Vocabulary,5,21,0.05865921787709497
rater_22,Cohesion,1,1,0.004149377593360996
rater_22,Cohesion,2,46,0.1908713692946058
rater_22,Cohesion,3,110,0.45643153526970953
rater_22,Cohesion,4,80,0.33195020746887965
rater_22,Cohesion,5,4,0.016597510373443983
rater_22,Conventions,1,0,0.0
rater_22,Conventions,2,56,0.23236514522821577
rater_22,Conventions,3,138,0.5726141078838174
rater_22,Conventions,4,45,0.18672199170124482
rater_22,Conventions,5,2,0.008298755186721992
rater_22,Grammar,1,1,0.004149377593360996
rater_22,Grammar,2,57,0.23651452282157676
rater_22,Grammar,3,122,0.5062240663900415
rater_22,Grammar,4,59,0.24481327800829875
rater_22,Grammar,5,2,0.008298755186721992
rater_22,Overall,1,1,0.004149377593360996
rater_22,Overall,2,46,0.1908713692946058
rater_22,Overall,3,134,0.5560165975103735
rater_22,Overall,4,56,0.23236514522821577
rater_22,Overall,5,4,0.016597510373443983
rater_22,Phraseology,1,0,0.0
rater_22,Phraseology,2,50,0.2074688796680498
rater_22,Phraseology,3,131,0.5435684647302904
rater_22,Phraseology,4,55,0.22821576763485477
rater_22,Phraseology,5,5,0.02074688796680498
rater_22,Syntax,1,1,0.004149377593360996
rater_22,Syntax,2,103,0.42738589211618255
rater_22,Syntax,3,98,0.4066390041493776
rater_22,Syntax,4,38,0.15767634854771784
rater_22,Syntax,5,1,0.004149377593360996
rater_22,Vocabulary,1,0,0.0
rater_22,Vocabulary,2,5,0.02074688796680498
rater_22,Vocabulary,3,192,0.7966804979253111
rater_22,Vocabulary,4,39,0.16182572614107885
rater_22,Vocabulary,5,5,0.02074688796680498
rater_23,Cohesion,1,8,0.0103359173126615
rater_23,Cohesion,2,85,0.10981912144702842
rater_23,Cohesion,3,282,0.3643410852713178
rater_23,Cohesion,4,322,0.4160206718346253
rater_23,Cohesion,5,77,0.09948320413436693
rater_23,Conventions,1,8,0.0103359173126615
rater_23,Conventions,2,125,0.16149870801033592
rater_23,Conventions,3,348,0.4496124031007752
rater_23,Conventions,4,250,0.32299741602067183
rater_23,Conventions,5,43,0.05555555555555555
rater_23,Grammar,1,11,0.014211886304909561
rater_23,Grammar,2,123,0.15891472868217055
rater_23,Grammar,3,352,0.45478036175710596
rater_23,Grammar,4,230,0.2971576227390181
rater_23,Grammar,5,58,0.07493540051679587
rater_23,Overall,1,7,0.00904392764857881
rater_23,Overall,2,114,0.14728682170542637
rater_23,Overall,3,334,0.4315245478036176
rater_23,Overall,4,246,0.3178294573643411
rater_23,Overall,5,73,0.09431524547803617
rater_23,Phraseology,1,7,0.00904392764857881
rater_23,Phraseology,2,87,0.1124031007751938
rater_23,Phraseology,3,271,0.35012919896640826
rater_23,Phraseology,4,316,0.4082687338501292
rater_23,Phraseology,5,93,0.12015503875968993
rater_23,Syntax,1,11,0.014211886304909561
rater_23,Syntax,2,133,0.17183462532299743
rater_23,Syntax,3,401,0.5180878552971576
rater_23,Syntax,4,186,0.24031007751937986
rater_23,Syntax,5,43,0.05555555555555555
rater_23,Vocabulary,1,1,0.0012919896640826874
rater_23,Vocabulary,2,68,0.08785529715762273
rater_23,Vocabulary,3,319,0.41214470284237725
rater_23,Vocabulary,4,318,0.4108527131782946
rater_23,Vocabulary,5,68,0.08785529715762273
rater_24,Cohesion,1,10,0.038461538461538464
rater_24,Cohesion,2,66,0.25384615384615383
rater_24,Cohesion,3,118,0.45384615384615384
rater_24,Cohesion,4,62,0.23846153846153847
rater_24,Cohesion,5,4,0.015384615384615385
rater_24,Conventions,1,4,0.015384615384615385
rater_24,Conventions,2,77,0.29615384615384616
rater_24,Conventions,3,116,0.4461538461538462
rater_24,Conventions,4,59,0.22692307692307692
rater_24,Conventions,5,4,0.015384615384615385
rater_24,Grammar,1,6,0.023076923076923078
rater_24,Grammar,2,59,0.22692307692307692
rater_24,Grammar,3,96,0.36923076923076925
rater_24,Grammar,4,95,0.36538461538461536
rater_24,Grammar,5,4,0.015384615384615385
rater_24,Overall,1,10,0.038461538461538464
rater_24,Overall,2,58,0.2230769230769231
rater_24,Overall,3,112,0.4307692307692308
rater_24,Overall,4,72,0.27692307692307694
rater_24,Overall,5,8,0.03076923076923077
rater_24,Phraseology,1,4,0.015384615384615385
rater_24,Phraseology,2,68,0.26153846153846155
rater_24,Phraseology,3,127,0.48846153846153845
rater_24,Phraseology,4,60,0.23076923076923078
rater_24,Phraseology,5,1,0.0038461538461538464
rater_24,Syntax,1,3,0.011538461538461539
rater_24,Syntax,2,65,0.25
rater_24,Syntax,3,123,0.47307692307692306
rater_24,Syntax,4,67,0.25769230769230766
rater_24,Syntax,5,2,0.007692307692307693
rater_24,Vocabulary,1,2,0.007692307692307693
rater_24,Vocabulary,2,50,0.19230769230769232
rater_24,Vocabulary,3,131,0.5038461538461538
rater_24,Vocabulary,4,73,0.28076923076923077
rater_24,Vocabulary,5,4,0.015384615384615385
rater_25,Cohesion,1,0,0.0
rater_25,Cohesion,2,7,0.25925925925925924
rater_25,Cohesion,3,12,0.4444444444444444
rater_25,Cohesion,4,7,0.25925925925925924
rater_25,Cohesion,5,1,0.037037037037037035
rater_25,Conventions,1,1,0.037037037037037035
rater_25,Conventions,2,6,0.2222222222222222
rater_25,Conventions,3,16,0.5925925925925926
rater_25,Conventions,4,4,0.14814814814814814
rater_25,Conventions,5,0,0.0
rater_25,Grammar,1,0,0.0
rater_25,Grammar,2,7,0.25925925925925924
rater_25,Grammar,3,12,0.4444444444444444
rater_25,Grammar,4,8,0.2962962962962963
rater_25,Grammar,5,0,0.0
rater_25,Overall,1,0,0.0
rater_25,Overall,2,1,0.037037037037037035
rater_25,Overall,3,22,0.8148148148148148
rater_25,Overall,4,4,0.14814814814814814
rater_25,Overall,5,0,0.0
rater_25,Phraseology,1,0,0.0
rater_25,Phraseology,2,5,0.18518518518518517
rater_25,Phraseology,3,11,0.4074074074074074
rater_25,Phraseology,4,11,0.4074074074074074
rater_25,Phraseology,5,0,0.0
rater_25,Syntax,1,0,0.0
rater_25,Syntax,2,1,0.037037037037037035
rater_25,Syntax,3,13,0.48148148148148145
rater_25,Syntax,4,11,0.4074074074074074
rater_25,Syntax,5,2,0.07407407407407407
rater_25,Vocabulary,1,0,0.0
rater_25,Vocabulary,2,2,0.07407407407407407
rater_25,Vocabulary,3,19,0.7037037037037037
rater_25,Vocabulary,4,6,0.2222222222222222
rater_25,Vocabulary,5,0,0.0
rater_26,Cohesion,1,4,0.020100502512562814
rater_26,Cohesion,2,22,0.11055276381909548
rater_26,Cohesion,3,92,0.4623115577889447
rater_26,Cohesion,4,71,0.35678391959798994
rater_26,Cohesion,5,10,0.05025125628140704
rater_26,Conventions,1,2,0.010050251256281407
rater_26,Conventions,2,67,0.33668341708542715
rater_26,Conventions,3,78,0.39195979899497485
rater_26,Conventions,4,45,0.22613065326633167
rater_26,Conventions,5,7,0.035175879396984924
rater_26,Grammar,1,3,0.01507537688442211
rater_26,Grammar,2,78,0.39195979899497485
rater_26,Grammar,3,62,0.31155778894472363
rater_26,Grammar,4,46,0.23115577889447236
rater_26,Grammar,5,10,0.05025125628140704
rater_26,Overall,1,2,0.010050251256281407
rater_26,Overall,2,46,0.23115577889447236
rater_26,Overall,3,107,0.5376884422110553
rater_26,Overall,4,37,0.18592964824120603
rater_26,Overall,5,7,0.035175879396984924
rater_26,Phraseology,1,2,0.010050251256281407
rater_26,Phraseology,2,31,0.15577889447236182
rater_26,Phraseology,3,127,0.6381909547738693
rater_26,Phraseology,4,38,0.19095477386934673
rater_26,Phraseology,5,1,0.005025125628140704
rater_26,Syntax,1,3,0.01507537688442211
rater_26,Syntax,2,60,0.3015075376884422
rater_26,Syntax,3,113,0.5678391959798995
rater_26,Syntax,4,19,0.09547738693467336
rater_26,Syntax,5,4,0.020100502512562814
rater_26,Vocabulary,1,2,0.010050251256281407
rater_26,Vocabulary,2,14,0.07035175879396985
rater_26,Vocabulary,3,161,0.8090452261306532
rater_26,Vocabulary,4,22,0.11055276381909548
rater_26,Vocabulary,5,0,0.0
rater_27,Cohesion,1,17,0.028960817717206135
rater_27,Cohesion,2,159,0.2708688245315162
rater_27,Cohesion,3,319,0.5434412265758092
rater_27,Cohesion,4,75,0.12776831345826234
rater_27,Cohesion,5,17,0.028960817717206135
rater_27,Conventions,1,3,0.005110732538330494
rater_27,Conventions,2,32,0.054514480408858604
rater_27,Conventions,3,234,0.3986371379897785
rater_27,Conventions,4,297,0.5059625212947189
rater_27,Conventions,5,21,0.03577512776831346
rater_27,Grammar,1,5,0.008517887563884156
rater_27,Grammar,2,65,0.11073253833049404
rater_27,Grammar,3,231,0.393526405451448
rater_27,Grammar,4,247,0.42078364565587734
rater_27,Grammar,5,39,0.06643952299829642
rater_27,Overall,1,4,0.0068143100511073255
rater_27,Overall,2,104,0.17717206132879046
rater_27,Overall,3,358,0.6098807495741057
rater_27,Overall,4,115,0.19591141396933562
rater_27,Overall,5,6,0.010221465076660987
rater_27,Phraseology,1,1,0.0017035775127768314
rater_27,Phraseology,2,154,0.262350936967632
rater_27,Phraseology,3,281,0.4787052810902896
rater_27,Phraseology,4,137,0.23339011925042588
rater_27,Phraseology,5,14,0.02385008517887564
rater_27,Syntax,1,5,0.008517887563884156
rater_27,Syntax,2,96,0.1635434412265758
rater_27,Syntax,3,282,0.4804088586030664
rater_27,Syntax,4,191,0.32538330494037476
rater_27,Syntax,5,13,0.022146507666098807
rater_27,Vocabulary,1,1,0.0017035775127768314
rater_27,Vocabulary,2,230,0.39182282793867124
rater_27,Vocabulary,3,256,0.43611584327086883
rater_27,Vocabulary,4,94,0.16013628620102216
rater_27,Vocabulary,5,6,0.010221465076660987
rater_3,Cohesion,1,10,0.03076923076923077
rater_3,Cohesion,2,43,0.13230769230769232
rater_3,Cohesion,3,177,0.5446153846153846
rater_3,Cohesion,4,80,0.24615384615384617
rater_3,Cohesion,5,15,0.046153846153846156
rater_3,Conventions,1,5,0.015384615384615385
rater_3,Conventions,2,45,0.13846153846153847
rater_3,Conventions,3,139,0.4276923076923077
rater_3,Conventions,4,118,0.3630769230769231
rater_3,Conventions,5,18,0.055384615384615386
rater_3,Grammar,1,17,0.052307692307692305
rater_3,Grammar,2,88,0.27076923076923076
rater_3,Grammar,3,146,0.4492307692307692
rater_3,Grammar,4,61,0.18769230769230769
rater_3,Grammar,5,13,0.04
rater_3,Overall,1,10,0.03076923076923077
rater_3,Overall,2,47,0.14461538461538462
rater_3,Overall,3,180,0.5538461538461539
rater_3,Overall,4,75,0.23076923076923078
rater_3,Overall,5,13,0.04
rater_3,Phraseology,1,18,0.055384615384615386
rater_3,Phraseology,2,89,0.27384615384615385
rater_3,Phraseology,3,153,0.4707692307692308
rater_3,Phraseology,4,55,0.16923076923076924
rater_3,Phraseology,5,10,0.03076923076923077
rater_3,Syntax,1,13,0.04
rater_3,Syntax,2,68,0.20923076923076922
rater_3,Syntax,3,177,0.5446153846153846
rater_3,Syntax,4,60,0.18461538461538463
rater_3,Syntax,5,7,0.021538461538461538
rater_3,Vocabulary,1,3,0.009230769230769232
rater_3,Vocabulary,2,23,0.07076923076923076
rater_3,Vocabulary,3,166,0.5107692307692308
rater_3,Vocabulary,4,109,0.3353846153846154
rater_3,Vocabulary,5,24,0.07384615384615385
rater_4,Cohesion,1,2,0.0032948929159802307
rater_4,Cohesion,2,102,0.16803953871499178
rater_4,Cohesion,3,285,0.4695222405271829
rater_4,Cohesion,4,200,0.32948929159802304
rater_4,Cohesion,5,18,0.029654036243822075
rater_4,Conventions,1,0,0.0
rater_4,Conventions,2,58,0.09555189456342669
rater_4,Conventions,3,269,0.443163097199341
rater_4,Conventions,4,251,0.4135090609555189
rater_4,Conventions,5,29,0.047775947281713346
rater_4,Grammar,1,4,0.006589785831960461
rater_4,Grammar,2,158,0.2602965403624382
rater_4,Grammar,3,282,0.4645799011532125
rater_4,Grammar,4,145,0.23887973640856672
rater_4,Grammar,5,18,0.029654036243822075
rater_4,Overall,1,0,0.0
rater_4,Overall,2,67,0.11037891268533773
rater_4,Overall,3,289,0.47611202635914335
rater_4,Overall,4,245,0.40362438220757824
rater_4,Overall,5,6,0.009884678747940691
rater_4,Phraseology,1,3,0.004942339373970346
rater_4,Phraseology,2,85,0.1400329489291598
rater_4,Phraseology,3,318,0.5238879736408567
rater_4,Phraseology,4,184,0.3031301482701812
rater_4,Phraseology,5,17,0.02800658978583196
rater_4,Syntax,1,8,0.013179571663920923
rater_4,Syntax,2,131,0.2158154859967051
rater_4,Syntax,3,347,0.57166392092257
rater_4,Syntax,4,119,0.19604612850082373
rater_4,Syntax,5,2,0.0032948929159802307
rater_4,Vocabulary,1,1,0.0016474464579901153
rater_4,Vocabulary,2,29,0.047775947281713346
rater_4,Vocabulary,3,296,0.4876441515650741
rater_4,Vocabulary,4,264,0.43492586490939045
rater_4,Vocabulary,5,17,0.02800658978583196
rater_5,Cohesion,1,2,0.008888888888888889
rater_5,Cohesion,2,25,0.1111111111111111
rater_5,Cohesion,3,115,0.5111111111111111
rater_5,Cohesion,4,46,0.20444444444444446
rater_5,Cohesion,5,37,0.16444444444444445
rater_5,Conventions,1,5,0.022222222222222223
rater_5,Conventions,2,26,0.11555555555555555
rater_5,Conventions,3,97,0.4311111111111111
rater_5,Conventions,4,64,0.28444444444444444
rater_5,Conventions,5,33,0.14666666666666667
rater_5,Grammar,1,10,0.044444444444444446
rater_5,Grammar,2,33,0.14666666666666667
rater_5,Grammar,3,104,0.4622222222222222
rater_5,Grammar,4,53,0.23555555555555555
rater_5,Grammar,5,25,0.1111111111111111
rater_5,Overall,1,5,0.022222222222222223
rater_5,Overall,2,22,0.09777777777777778
rater_5,Overall,3,119,0.5288888888888889
rater_5,Overall,4,64,0.28444444444444444
rater_5,Overall,5,15,0.06666666666666667
rater_5,Phraseology,1,4,0.017777777777777778
rater_5,Phraseology,2,26,0.11555555555555555
rater_5,Phraseology,3,113,0.5022222222222222
rater_5,Phraseology,4,56,0.24888888888888888
rater_5,Phraseology,5,26,0.11555555555555555
rater_5,Syntax,1,5,0.022222222222222223
rater_5,Syntax,2,44,0.19555555555555557
rater_5,Syntax,3,92,0.4088888888888889
rater_5,Syntax,4,54,0.24
rater_5,Syntax,5,30,0.13333333333333333
rater_5,Vocabulary,1,5,0.022222222222222223
rater_5,Vocabulary,2,33,0.14666666666666667
rater_5,Vocabulary,3,121,0.5377777777777778
rater_5,Vocabulary,4,47,0.2088888888888889
rater_5,Vocabulary,5,19,0.08444444444444445
rater_6,Cohesion,1,7,0.005239520958083832
rater_6,Cohesion,2,223,0.16691616766467066
rater_6,Cohesion,3,628,0.47005988023952094
rater_6,Cohesion,4,399,0.2986526946107784
rater_6,Cohesion,5,79,0.05913173652694611
rater_6,Conventions,1,10,0.0074850299401197605
rater_6,Conventions,2,187,0.13997005988023953
rater_6,Conventions,3,592,0.4431137724550898
rater_6,Conventions,4,492,0.36826347305389223
rater_6,Conventions,5,55,0.04116766467065868
rater_6,Grammar,1,12,0.008982035928143712
rater_6,Grammar,2,303,0.22679640718562874
rater_6,Grammar,3,580,0.4341317365269461
rater_6,Grammar,4,366,0.27395209580838326
rater_6,Grammar,5,75,0.0561377245508982
rater_6,Overall,1,2,0.0014970059880239522
rater_6,Overall,2,228,0.17065868263473055
rater_6,Overall,3,688,0.5149700598802395
rater_6,Overall,4,394,0.2949101796407186
rater_6,Overall,5,24,0.017964071856287425
rater_6,Phraseology,1,9,0.006736526946107785
rater_6,Phraseology,2,345,0.25823353293413176
rater_6,Phraseology,3,594,0.44461077844311375
rater_6,Phraseology,4,358,0.2679640718562874
rater_6,Phraseology,5,30,0.02245508982035928
rater_6,Syntax,1,25,0.0187125748502994
rater_6,Syntax,2,320,0.23952095808383234
rater_6,Syntax,3,606,0.4535928143712575
rater_6,Syntax,4,358,0.2679640718562874
rater_6,Syntax,5,27,0.020209580838323353
rater_6,Vocabulary,1,1,0.0007485029940119761
rater_6,Vocabulary,2,163,0.1220059880239521
rater_6,Vocabulary,3,713,0.5336826347305389
rater_6,Vocabulary,4,404,0.3023952095808383
rater_6,Vocabulary,5,55,0.04116766467065868
rater_7,Cohesion,1,38,0.03137902559867878
rater_7,Cohesion,2,379,0.3129644921552436
rater_7,Cohesion,3,545,0.4500412881915772
rater_7,Cohesion,4,225,0.18579686209744012
rater_7,Cohesion,5,24,0.01981833195706028
rater_7,Conventions,1,36,0.02972749793559042
rater_7,Conventions,2,291,0.2402972749793559
rater_7,Conventions,3,498,0.4112303881090008
rater_7,Conventions,4,291,0.2402972749793559
rater_7,Conventions,5,95,0.07844756399669695
rater_7,Grammar,1,19,0.01568951279933939
rater_7,Grammar,2,260,0.21469859620148637
rater_7,Grammar,3,641,0.5293146160198183
rater_7,Grammar,4,250,0.20644095788604458
rater_7,Grammar,5,41,0.033856317093311314
rater_7,Overall,1,10,0.008257638315441783
rater_7,Overall,2,232,0.1915772089182494
rater_7,Overall,3,654,0.5400495458298926
rater_7,Overall,4,262,0.21635012386457472
rater_7,Overall,5,53,0.04376548307184145
rater_7,Phraseology,1,23,0.018992568125516102
rater_7,Phraseology,2,413,0.34104046242774566
rater_7,Phraseology,3,586,0.4838976052848885
rater_7,Phraseology,4,176,0.1453344343517754
rater_7,Phraseology,5,13,0.010734929810074319
rater_7,Syntax,1,35,0.028901734104046242
rater_7,Syntax,2,275,0.22708505367464904
rater_7,Syntax,3,628,0.518579686209744
rater_7,Syntax,4,246,0.20313790255986788
rater_7,Syntax,5,27,0.022295623451692816
rater_7,Vocabulary,1,1,0.0008257638315441783
rater_7,Vocabulary,2,150,0.12386457473162675
rater_7,Vocabulary,3,667,0.550784475639967
rater_7,Vocabulary,4,341,0.2815854665565648
rater_7,Vocabulary,5,52,0.042939719240297276
rater_8,Cohesion,1,6,0.016713091922005572
rater_8,Cohesion,2,87,0.24233983286908078
rater_8,Cohesion,3,185,0.5153203342618384
rater_8,Cohesion,4,66,0.18384401114206128
rater_8,Cohesion,5,15,0.04178272980501393
rater_8,Conventions,1,5,0.013927576601671309
rater_8,Conventions,2,117,0.32590529247910865
rater_8,Conventions,3,160,0.4456824512534819
rater_8,Conventions,4,75,0.20891364902506965
rater_8,Conventions,5,2,0.005571030640668524
rater_8,Grammar,1,5,0.013927576601671309
rater_8,Grammar,2,102,0.2841225626740947
rater_8,Grammar,3,152,0.4233983286908078
rater_8,Grammar,4,92,0.2562674094707521
rater_8,Grammar,5,8,0.022284122562674095
rater_8,Overall,1,12,0.033426183844011144
rater_8,Overall,2,115,0.3203342618384401
rater_8,Overall,3,149,0.415041782729805
rater_8,Overall,4,68,0.1894150417827298
rater_8,Overall,5,15,0.04178272980501393
rater_8,Phraseology,1,6,0.016713091922005572
rater_8,Phraseology,2,96,0.26740947075208915
rater_8,Phraseology,3,162,0.45125348189415043
rater_8,Phraseology,4,83,0.23119777158774374
rater_8,Phraseology,5,12,0.033426183844011144
rater_8,Syntax,1,2,0.005571030640668524
rater_8,Syntax,2,129,0.3593314763231198
rater_8,Syntax,3,157,0.4373259052924791
rater_8,Syntax,4,58,0.1615598885793872
rater_8,Syntax,5,13,0.036211699164345405
rater_8,Vocabulary,1,1,0.002785515320334262
rater_8,Vocabulary,2,73,0.20334261838440112
rater_8,Vocabulary,3,177,0.49303621169916434
rater_8,Vocabulary,4,87,0.24233983286908078
rater_8,Vocabulary,5,21,0.0584958217270195
rater_9,Cohesion,1,6,0.008053691275167786
rater_9,Cohesion,2,196,0.26308724832214764
rater_9,Cohesion,3,440,0.5906040268456376
rater_9,Cohesion,4,98,0.13154362416107382
rater_9,Cohesion,5,5,0.006711409395973154
rater_9,Conventions,1,5,0.006711409395973154
rater_9,Conventions,2,358,0.48053691275167787
rater_9,Conventions,3,341,0.4577181208053691
rater_9,Conventions,4,40,0.053691275167785234
rater_9,Conventions,5,1,0.0013422818791946308
rater_9,Grammar,1,4,0.005369127516778523
rater_9,Grammar,2,318,0.4268456375838926
rater_9,Grammar,3,358,0.48053691275167787
rater_9,Grammar,4,63,0.08456375838926175
rater_9,Grammar,5,2,0.0026845637583892616
rater_9,Overall,1,5,0.006711409395973154
rater_9,Overall,2,324,0.4348993288590604
rater_9,Overall,3,337,0.45234899328859063
rater_9,Overall,4,72,0.09664429530201342
rater_9,Overall,5,7,0.009395973154362415
rater_9,Phraseology,1,2,0.0026845637583892616
rater_9,Phraseology,2,235,0.31543624161073824
rater_9,Phraseology,3,403,0.5409395973154363
rater_9,Phraseology,4,101,0.13557046979865772
rater_9,Phraseology,5,4,0.005369127516778523
rater_9,Syntax,1,14,0.01879194630872483
rater_9,Syntax,2,273,0.36644295302013424
rater_9,Syntax,3,390,0.5234899328859061
rater_9,Syntax,4,64,0.08590604026845637
rater_9,Syntax,5,4,0.005369127516778523
rater_9,Vocabulary,1,3,0.004026845637583893
rater_9,Vocabulary,2,117,0.15704697986577182
rater_9,Vocabulary,3,461,0.6187919463087248
rater_9,Vocabulary,4,156,0.20939597315436242
rater_9,Vocabulary,5,8,0.010738255033557046
