target_id,target_rater,correct_history_rater,wrong_history_rater,correct_history_id_1,correct_history_id_2,correct_history_id_3,wrong_history_id_1,wrong_history_id_2,wrong_history_id_3
104:1,rater_5,rater_5,rater_22,7903:1,5612:2,5083:1,2932:2,6815:2,2961:2
1125:2,rater_13,rater_13,rater_23,3274:1,6763:2,3393:2,882:2,3252:1,3941:1
156:2,rater_3,rater_3,rater_25,5940:2,79:2,52:2,7728:1,718:1,696:1
1610:2,rater_27,rater_27,rater_1,1675:2,1711:2,4949:2,8039:2,3491:1,3671:1
1808:1,rater_12,rater_12,rater_25,7281:2,3394:1,6221:2,690:2,680:1,7727:1
1813:2,rater_4,rater_4,rater_13,5896:2,2795:1,1699:2,4932:2,6868:1,5629:2
1881:2,rater_24,rater_24,rater_7,7720:1,629:2,7028:2,8728:1,1461:1,2404:1
1989:1,rater_6,rater_6,rater_16,1993:1,3657:1,176:1,3407:2,505:2,7009:2
2016:1,rater_7,rater_7,rater_8,6239:1,7859:2,2868:1,1355:1,1338:1,2575:1
2039:2,rater_22,rater_22,rater_1,589:2,2960:2,7219:2,3626:2,4111:1,8027:2
2042:2,rater_22,rater_22,rater_27,2906:2,1828:2,2892:2,1725:2,5021:2,7710:2
208:2,rater_2,rater_2,rater_19,1853:2,2140:2,860:2,7364:1,7242:1,7404:1
2354:2,rater_2,rater_2,rater_26,2163:2,8445:2,6200:1,1214:1,1098:1,1212:1
2387:1,rater_7,rater_7,rater_16,1619:1,286:2,1717:1,407:2,2743:2,7331:2
242:1,rater_7,rater_7,rater_19,4927:1,8646:1,8615:1,6073:1,448:1,941:1
2431:1,rater_4,rater_4,rater_26,6030:2,1398:2,8701:2,1790:1,1671:1,1792:1
2557:2,rater_11,rater_11,rater_15,681:2,4812:2,4591:2,1598:2,7177:2,6132:2
2615:2,rater_11,rater_11,rater_18,5203:2,5535:2,5269:2,5807:1,7465:2,5800:1
2781:2,rater_2,rater_2,rater_15,2451:2,3257:2,6249:2,5318:1,6963:1,4455:1
2840:1,rater_19,rater_19,rater_12,7291:1,6097:1,377:1,3357:1,6407:2,631:1
2845:2,rater_9,rater_9,rater_18,5488:1,3447:2,2458:1,5759:1,7117:1,5842:1
2993:1,rater_15,rater_15,rater_26,1049:2,7003:1,1548:2,1752:1,1215:1,1201:1
2993:2,rater_12,rater_12,rater_25,1498:1,754:1,6970:2,717:1,695:1,680:1
3076:1,rater_18,rater_18,rater_23,1564:1,7217:1,4147:2,3982:1,7625:1,5185:2
3088:1,rater_18,rater_18,rater_10,450:2,5760:1,5648:1,8359:2,8386:2,6692:1
3204:1,rater_13,rater_13,rater_3,6895:1,4426:2,1425:2,1186:1,6172:2,1236:1
3252:1,rater_23,rater_23,rater_3,5310:2,1629:2,4295:1,156:2,5859:1,7772:1
3282:1,rater_1,rater_1,rater_8,6469:1,8045:2,6514:1,267:1,3513:1,2573:1
3346:1,rater_23,rater_23,rater_18,3984:1,4251:1,7667:1,4862:1,7153:1,4897:1
3372:1,rater_12,rater_12,rater_8,619:1,1480:1,5750:2,360:1,3897:1,256:1
3385:1,rater_12,rater_12,rater_26,1631:2,1415:1,7084:2,1193:1,4144:1,1192:1
3473:1,rater_8,rater_8,rater_10,3498:1,3547:1,2656:1,4217:2,8366:2,7595:2
3650:1,rater_7,rater_7,rater_19,6379:1,8604:1,418:2,7384:1,3412:1,7358:1
3718:2,rater_2,rater_2,rater_8,3456:2,6574:2,6566:2,268:1,8784:1,1350:1
3800:1,rater_8,rater_8,rater_13,3458:1,3474:1,3889:1,6902:1,757:2,6872:1
3872:2,rater_11,rater_11,rater_10,4830:2,4800:2,5603:2,3506:1,4515:1,4282:2
4224:2,rater_10,rater_10,rater_19,4540:1,4255:2,6679:1,6082:1,6105:1,6136:1
422:2,rater_18,rater_18,rater_27,1577:1,3137:1,7185:1,1749:2,7971:2,4655:2
4279:2,rater_10,rater_10,rater_21,4552:1,4548:1,5356:2,6376:2,6343:1,5935:1
4283:1,rater_23,rater_23,rater_18,7686:1,7631:1,4701:1,6433:1,5663:1,713:1
4387:2,rater_13,rater_13,rater_16,3371:2,530:2,5717:2,906:2,438:2,4054:2
4430:2,rater_2,rater_2,rater_9,33:2,3541:2,2787:2,5143:1,4776:1,2535:1
4565:1,rater_10,rater_10,rater_5,4537:1,3985:2,2212:1,167:2,8330:2,6615:2
4576:2,rater_11,rater_11,rater_10,3804:2,5265:2,5213:2,3977:2,2200:1,1390:2
4701:1,rater_23,rater_23,rater_11,1470:2,4300:1,790:1,3813:2,8149:2,8871:2
4718:2,rater_10,rater_10,rater_11,4688:2,3960:2,7574:2,4467:2,3879:2,739:2
475:2,rater_7,rater_7,rater_15,904:2,7849:2,2707:1,1887:1,1505:2,433:1
4825:2,rater_11,rater_11,rater_19,6004:2,3800:2,3825:2,6050:1,7315:1,7411:1
4848:1,rater_10,rater_10,rater_15,4248:2,821:1,353:2,5273:1,4437:1,7295:2
4869:1,rater_18,rater_18,rater_13,7093:1,4917:1,4216:2,3235:1,3248:1,4480:2
5213:2,rater_11,rater_11,rater_9,1137:2,5962:2,4639:2,259:2,2554:1,2540:1
5293:1,rater_7,rater_7,rater_18,8446:1,8361:1,8402:1,548:1,3106:1,5747:1
5374:1,rater_15,rater_15,rater_4,7308:2,6957:1,1946:1,1831:2,2653:1,8668:2
542:2,rater_7,rater_7,rater_5,1624:1,6240:1,8716:1,163:2,187:2,7896:1
5498:1,rater_1,rater_1,rater_4,3586:2,6539:1,3653:2,3139:1,2159:1,225:2
5577:2,rater_2,rater_2,rater_13,6430:1,2287:2,6606:2,4328:2,6743:2,6795:2
5680:1,rater_18,rater_18,rater_23,5743:1,572:1,7200:1,7610:1,1311:1,1632:2
5715:1,rater_1,rater_1,rater_7,8051:2,3730:1,3467:1,8599:1,2047:1,1527:1
5724:1,rater_18,rater_18,rater_6,3093:1,4149:2,4114:2,5582:1,5180:2,4226:1
5726:2,rater_13,rater_13,rater_20,1115:2,5899:2,6735:2,7491:2,975:2,7483:2
5811:1,rater_6,rater_6,rater_13,3664:1,177:1,7972:1,4858:2,1136:2,6790:2
5846:2,rater_13,rater_13,rater_9,4482:2,4870:2,6765:2,264:2,8739:2,5111:1
5854:2,rater_13,rater_13,rater_9,4369:2,1103:2,4885:2,1275:1,4799:1,8791:2
5965:1,rater_21,rater_21,rater_20,8605:2,2363:1,8587:2,972:2,960:2,977:2
6007:2,rater_11,rater_11,rater_16,3890:2,8853:2,2553:2,3199:2,2753:2,448:2
6121:2,rater_15,rater_15,rater_18,5300:1,7287:2,2965:1,593:1,5672:1,5707:1
6215:2,rater_12,rater_12,rater_20,2931:1,2974:2,5373:2,7051:2,414:1,974:2
6298:2,rater_15,rater_15,rater_17,6083:2,4322:1,7161:2,2780:2,7423:2,2785:2
6343:1,rater_21,rater_21,rater_12,6360:1,6009:1,1978:2,6228:2,5912:1,3307:1
6362:1,rater_21,rater_21,rater_13,1106:1,1839:2,8598:2,6925:1,4478:2,4357:2
6674:2,rater_11,rater_11,rater_20,2500:2,4536:2,5410:2,973:2,956:2,470:2
6685:1,rater_10,rater_10,rater_3,517:2,8394:2,4255:2,6070:1,6126:2,7836:2
6829:1,rater_12,rater_12,rater_20,2975:2,7089:2,5763:2,7491:2,970:2,941:2
6856:1,rater_13,rater_13,rater_12,6921:1,1097:2,4923:2,5362:2,5901:1,3302:1
6955:2,rater_12,rater_12,rater_20,6209:2,1183:2,3041:2,981:2,7485:2,388:2
7013:1,rater_15,rater_15,rater_13,6069:2,4313:1,5274:1,1104:2,4369:2,1426:2
704:2,rater_2,rater_2,rater_5,7507:1,2885:2,6558:2,8346:2,8344:2,7889:1
716:1,rater_18,rater_18,rater_6,5677:1,4890:1,5654:1,3720:1,2135:1,3633:1
7183:2,rater_15,rater_15,rater_4,4314:1,1568:2,4498:1,2651:1,8696:2,77:1
7237:2,rater_27,rater_27,rater_24,7734:2,4717:2,1763:2,7023:2,4616:1,4623:1
7433:1,rater_19,rater_19,rater_6,325:1,6110:1,2816:1,8124:1,8158:1,5573:1
7584:2,rater_10,rater_10,rater_19,2177:1,4665:2,8397:2,460:1,7407:1,936:1
7601:2,rater_10,rater_10,rater_24,2567:1,440:2,387:2,605:2,602:2,621:2
7630:2,rater_10,rater_10,rater_24,4545:1,4229:2,7569:2,6830:2,4598:1,6835:2
7793:1,rater_3,rater_3,rater_27,151:2,7846:2,5811:2,6865:2,1794:2,7976:2
7907:2,rater_6,rater_6,rater_10,8319:1,8024:1,3621:1,7601:2,843:1,4693:2
8005:1,rater_6,rater_6,rater_10,3558:1,8305:1,8097:1,5356:2,3914:1,3954:2
8079:2,rater_1,rater_1,rater_19,12:1,121:2,41:1,7384:1,7486:1,2705:1
8197:2,rater_2,rater_2,rater_1,189:2,8568:2,2121:2,5505:1,3770:2,6247:2
8415:1,rater_7,rater_7,rater_5,875:1,240:1,501:2,164:2,122:1,7882:1
8443:2,rater_2,rater_2,rater_9,8454:2,744:1,38:2,5445:1,5462:1,2516:1
8521:2,rater_2,rater_2,rater_3,7658:2,7811:2,6348:2,8314:2,57:2,6288:2
8580:2,rater_21,rater_21,rater_27,6001:1,1945:2,1760:2,6899:2,4461:2,3264:2
8632:2,rater_23,rater_23,rater_21,1395:1,7652:1,7612:1,5961:2,1365:1,775:1
8656:1,rater_7,rater_7,rater_8,2125:1,1957:1,436:2,3524:1,2644:1,8749:1
8656:2,rater_4,rater_4,rater_15,7812:1,1514:2,3156:1,6957:1,4418:1,2847:2
8669:1,rater_7,rater_7,rater_23,6269:1,8480:1,8573:1,2312:1,1255:1,8630:2
8771:2,rater_11,rater_11,rater_15,828:2,5435:2,8755:2,6321:2,633:2,6057:2
8877:1,rater_9,rater_9,rater_7,5432:1,3459:2,5056:1,8492:1,3710:1,8651:1
894:1,rater_19,rater_19,rater_7,6071:1,7440:1,6115:1,8534:1,8725:1,1685:1
